{
    "train": {
        "train_loss": [
            0.40415399179114186,
            0.3561251714063798,
            0.3223557445494979,
            0.2861628903750519,
            0.2551113105803644,
            0.22469110714750432,
            0.20546229462895899,
            0.18844242496363553,
            0.17506970999776394
        ],
        "train_acc": [
            0.878359317779541,
            0.8887161016464233,
            0.8966377377510071,
            0.9065544009208679,
            0.9148280620574951,
            0.9213414192199707,
            0.9238645434379578,
            0.9284415245056152,
            0.9291163086891174
        ],
        "val_loss": [
            0.37267837661211606,
            0.3512771436914069,
            0.3620090800963464,
            0.3316874827762119,
            0.31390625956605694,
            0.33161349579325466,
            0.3289954392147846,
            0.34120517862258387,
            0.36283584100911853
        ],
        "val_acc": [
            0.8839716603347366,
            0.891980696170038,
            0.8856145394804394,
            0.8981414929664236,
            0.8987575726460623,
            0.9013245713112229,
            0.9013245713112229,
            0.894136975048773,
            0.8918780162234315
        ],
        "train_time": [
            220.61524176597595,
            225.24609684944153,
            226.82965111732483,
            227.002543926239,
            232.01111340522766,
            237.3365514278412,
            220.8142032623291,
            213.2872760295868,
            196.7206997871399
        ]
    },
    "test": {
        "acc": 0.8950503183405216,
        "loss": 0.3588215160774055,
        "duration": 24.995226621627808
    }
}