{
    "train": {
        "train_loss": [
            0.4249288180378208,
            0.37378167465161427,
            0.3517764903688856,
            0.3359746648239821,
            0.3215999436367296,
            0.30295999252410366,
            0.28466784971893727,
            0.26727128568093167,
            0.24389781326135904
        ],
        "train_acc": [
            0.8764229416847229,
            0.8822908401489258,
            0.8877479434013367,
            0.8920901417732239,
            0.8959922790527344,
            0.9003638029098511,
            0.904764711856842,
            0.909429669380188,
            0.9152681827545166
        ],
        "val_loss": [
            0.3798895710071579,
            0.3602230221155237,
            0.35796418922846435,
            0.33736196198180074,
            0.3300949781888821,
            0.3318402663972534,
            0.3473304513536516,
            0.33010289344142696,
            0.3496669786661619
        ],
        "val_acc": [
            0.8811993017763631,
            0.8845877400143752,
            0.8846904199609816,
            0.8924940959030702,
            0.8932128555293152,
            0.8925967758496766,
            0.8913646164903994,
            0.8951637745148373,
            0.8970120135537529
        ],
        "train_time": [
            214.6634328365326,
            231.6909658908844,
            231.23132467269897,
            240.56915068626404,
            242.17477083206177,
            241.0391116142273,
            242.4319314956665,
            243.33358573913574,
            238.51660323143005
        ]
    },
    "test": {
        "acc": 0.9020332717190388,
        "loss": 0.3478581697430486,
        "duration": 27.868316411972046
    }
}