{
    "train": {
        "train_loss": [
            0.47624783926471,
            0.44378651284532,
            0.42643529748645,
            0.41758963812783,
            0.41215236798563,
            0.40874216523841,
            0.40412345928654,
            0.39961782431526,
            0.39583761254389,
            0.39248714627593,
            0.38897624317582,
            0.38731459762348,
            0.38075987462851,
            0.38087514283657,
            0.37854698714283,
            0.37439175836429,
            0.37023958712638
        ],
        "train_acc": [
            0.87456234123512,
            0.87472349816532,
            0.87483761234892,
            0.87532187461238,
            0.87571234897124,
            0.87578461239582,
            0.87642347812645,
            0.87736219483217,
            0.87692349182743,
            0.87778231476528,
            0.87823147894362,
            0.87846234918726,
            0.87901384712635,
            0.87948371236451,
            0.88052384719654,
            0.88051234896543,
            0.88157234876129
        ],
        "val_loss": [
            0.44721365843127,
            0.42284719238567,
            0.41054218697348,
            0.41221346981723,
            0.40152365871249,
            0.40768921437584,
            0.39942318574683,
            0.40102894653762,
            0.39576824198473,
            0.39662548293578,
            0.39754829163528,
            0.39465829748264,
            0.38284971529874,
            0.40002984713257,
            0.38729174829653,
            0.38504981234628,
            0.38881293571964
        ],
        "val_acc": [
            0.87951234871238,
            0.87951234918726,
            0.88013248176453,
            0.87271234879642,
            0.88113481237945,
            0.88073248916732,
            0.88032184756129,
            0.88131234798174,
            0.88071234981234,
            0.88172349812764,
            0.87312349861234,
            0.88401234798712,
            0.88213498127634,
            0.88171234897126,
            0.88131234798174,
            0.88192349871234,
            0.87931234798126
        ],
        "train_time": [
            412.01234812734,
            356.07213498712,
            354.04234798123,
            355.03247123612,
            353.01423748912,
            352.03247981234,
            351.08234798127,
            351.02423748912,
            353.04321748912,
            355.04213487912,
            362.03247981237,
            354.04213498712,
            354.03247981234,
            355.04213498712,
            356.03247123612,
            354.04213498712,
            354.03247981234
        ]
    },
    "test": {
        "acc": 0.88401234798126,
        "loss": 0.39465812983472,
        "duration": 42.084237489127
    }
}
