{
    "train": {
        "train_loss": [
            0.41852415313570296
        ],
        "train_acc": [
            0.878095269203186
        ],
        "val_loss": [
            0.37357104388905354
        ],
        "val_acc": [
            0.8862306191600781
        ],
        "train_time": [
            201.5971279144287
        ]
    },
    "test": {
        "acc": 0.8886835079071678,
        "loss": 0.3618399914768007,
        "duration": 27.19463324546814
    }
}