{
    "train": {
        "train_loss": [
            0.39739647487398605
        ],
        "train_acc": [
            0.8761588931083679
        ],
        "val_loss": [
            0.3452507143870729
        ],
        "val_acc": [
            0.8900297771845158
        ],
        "train_time": [
            223.412415266037
        ]
    },
    "test": {
        "acc": 0.8929965085233107,
        "loss": 0.3356860662305277,
        "duration": 31.317472457885742
    }
}