{
    "train": {
        "train_loss": [
            0.4389685878065357
        ],
        "train_acc": [
            0.8749560117721558
        ],
        "val_loss": [
            0.39057119740325896
        ],
        "val_acc": [
            0.8800698223636924
        ],
        "train_time": [
            224.02834796905518
        ]
    },
    "test": {
        "acc": 0.8858081741630724,
        "loss": 0.37699456659017827,
        "duration": 26.986798763275146
    }
}