{
    "train": {
        "train_loss": [
            0.43062177847015476
        ],
        "train_acc": [
            0.8755427598953247
        ],
        "val_loss": [
            0.38502649945802375
        ],
        "val_acc": [
            0.8813019817229695
        ],
        "train_time": [
            343.38654685020447
        ]
    },
    "test": {
        "acc": 0.8870404600533991,
        "loss": 0.37331940102226596,
        "duration": 44.46190142631531
    }
}