{
    "train": {
        "train_loss": [],
        "train_acc": [],
        "val_loss": [],
        "val_acc": [],
        "train_time": []
    },
    "test": {
        "acc": 0.0696241528034504,
        "loss": 1.1369903188904906,
        "duration": 33.25492739677429
    }
}