{
    "train": {
        "train_loss": [
            0.4288471684656604
        ],
        "train_acc": [
            0.8759241700172424
        ],
        "val_loss": [
            0.37776700952013986
        ],
        "val_acc": [
            0.8816100215627888
        ],
        "train_time": [
            337.4398121833801
        ]
    },
    "test": {
        "acc": 0.8876566029985623,
        "loss": 0.3661109040570415,
        "duration": 43.76311135292053
    }
}