{
    "train": {
        "train_loss": [],
        "train_acc": [],
        "val_loss": [],
        "val_acc": [],
        "train_time": []
    },
    "test": {
        "acc": 0.04990757855822551,
        "loss": 1.1342246119492974,
        "duration": 33.26213788986206
    }
}