{
    "train": {
        "train_loss": [],
        "train_acc": [],
        "val_loss": [],
        "val_acc": [],
        "train_time": []
    },
    "test": {
        "acc": 0.8804682686383241,
        "loss": 1.0825245699851342,
        "duration": 34.06610321998596
    }
}